{
    "normals":[-0.504318,-0.863124,-0.0252083,-0.639027,-0.746788,0.184088,-0.937773,0.328288,-0.112888,-0.8493,0.378277,-0.368175,-0.131413,0.73162,0.668905,0.105106,-0.369304,0.923307,0.359142,-0.428938,0.828822,0.0789819,0.840968,0.535234,-0.128666,0.325541,-0.936705,0.170049,-0.749535,-0.639699,0.668874,0.728874,-0.145909,0.923826,-0.372082,0.0897244],
    "vertices":[0.0117251,0.279854,-0.00287227,0.0112655,0.281508,-0.0033292,0.0155312,0.281943,0.000858977,0.0152198,0.283678,0.00054729,0.0363696,0.281423,-0.0288894,0.0368292,0.279769,-0.0284325,0.0619333,0.279683,-0.0539927,0.0614737,0.281337,-0.0544496,0.0403239,0.283593,-0.0250129,0.0406353,0.281857,-0.0247012,0.0657395,0.281772,-0.0502614,0.065428,0.283507,-0.0505731],
    "metadata":{
        "version":3,
        "vertices":12,
        "uvs":0,
        "type":"Geometry",
        "bones":0,
        "colors":0,
        "materials":1,
        "faces":11,
        "normals":12,
        "generator":"io_three"
    },
    "influencesPerVertex":2,
    "colors":[],
    "materials":[{
        "visible":true,
        "DbgIndex":0,
        "vertexColors":false,
        "wireframe":false,
        "specularCoef":50,
        "opacity":1,
        "shading":"phong",
        "depthTest":true,
        "colorDiffuse":[0.64,0.64,0.64],
        "DbgColor":15658734,
        "doubleSided":true,
        "colorSpecular":[0.5,0.5,0.5],
        "colorEmissive":[0,0,0],
        "transparent":false,
        "blending":"NormalBlending",
        "depthWrite":true,
        "DbgName":"Hvid plastic"
    }],
    "uvs":[],
    "skinIndices":[],
    "faces":[35,5,0,1,4,0,0,1,2,3,35,3,2,9,8,0,4,5,6,7,35,0,5,9,2,0,1,0,6,5,35,3,8,4,1,0,4,7,3,2,35,1,0,2,3,0,2,1,5,4,35,7,6,5,4,0,8,9,0,3,35,11,8,9,10,0,10,7,6,11,35,6,10,9,5,0,9,11,6,0,35,11,7,4,8,0,10,8,3,7,35,10,6,7,11,0,11,9,8,10,35,5,9,8,4,0,0,6,7,3],
    "skinWeights":[],
    "bones":[]
}